ren_type,branch,num_scenarios_folder,scenario_dir,lane,pinned_cores,concurrency_lanes,threads_per_solve,pid,hostname,loadavg_1min_start,loadavg_1min_end,num_scenarios_original,num_scenarios_reduced,num_scenarios_in_model,preprocess_time_s,build_instance_time_s,solve_time_s,wall_time_total_s,solver_status,termination_condition,solver_message,solver_wallclock_time_s,num_variables,num_constraints,num_binary_vars,num_integer_vars,lower_bound,upper_bound,gurobi_nodes_explored,gurobi_simplex_iterations,gurobi_best_objective,gurobi_best_bound,gurobi_gap_pct,obj_fun,obj_DA_income,obj_RM_income,obj_IM_income,obj_IB_income,obj_IB_costs,obj_IB_net,obj_FD_costs,results_dir,solver_log_path,status,error,traceback
same_ren,15min_ren_same,50,/users/delfos/aina/scentree-gen-remote/scentree-gen-remote/scenarios_AMPL/scenarios_AMPL_same_ren/FTC_20251031_20251130_c30_sc50_15min_same_ren,0,"0,1,2,3",1,4,3861844,azathoth,0.23681640625,1.25537109375,50,29,29,0.41309094429016113,0.22511887550354004,15.444313526153564,24.88268256187439,ok,optimal,"Model was solved to optimality (subject to tolerances), and an optimal solution is available.",<undefined>,78040,209518,8352,8352,-39356.50219978979,-39356.50219978979,1,60083,-39356.50219979,-39356.50219979,0.0,-39356.50219978952,-51571.13036711335,4726.649071531625,8238.79534307646,202.68449182861656,845.1337144727768,-642.4492226441603,108.36702463999899,/users/delfos/aina/mmobec-pyomo/results/FTC_20251031_20251130_c30_sc50_15min_same_ren/DA/ec/001,/users/delfos/aina/mmobec-pyomo/results/FTC_20251031_20251130_c30_sc50_15min_same_ren/DA/ec/001/solver_log.txt,ok,,
same_ren,15min_ren_same,70,/users/delfos/aina/scentree-gen-remote/scentree-gen-remote/scenarios_AMPL/scenarios_AMPL_same_ren/FTC_20251031_20251130_c30_sc70_15min_same_ren,1,"4,5,6,7",16,4,3861960,azathoth,0.6220703125,4.10302734375,70,20,20,0.49518394470214844,0.49166226387023926,7.474443435668945,14.372080326080322,ok,optimal,"Model was solved to optimality (subject to tolerances), and an optimal solution is available.",<undefined>,53821,126560,5760,5760,-39225.13089333908,-39225.12116798704,1,36696,-39225.13089334,-39225.12116799,0.0,-39225.13089333902,-51189.101866053876,4996.200975508697,7376.884832234465,168.96138591458032,466.8725933919046,-297.9112074773243,111.20362755102195,/users/delfos/aina/mmobec-pyomo/results/FTC_20251031_20251130_c30_sc70_15min_same_ren/DA/ec/001,/users/delfos/aina/mmobec-pyomo/results/FTC_20251031_20251130_c30_sc70_15min_same_ren/DA/ec/001/solver_log.txt,ok,,
same_ren,15min_ren_same,60,/users/delfos/aina/scentree-gen-remote/scentree-gen-remote/scenarios_AMPL/scenarios_AMPL_same_ren/FTC_20251031_20251130_c30_sc60_15min_same_ren,0,"0,1,2,3",16,4,3861957,azathoth,0.6220703125,6.4677734375,60,29,29,0.45171642303466797,0.2373487949371338,16.539571046829224,24.093160152435303,ok,optimal,"Model was solved to optimality (subject to tolerances), and an optimal solution is available.",<undefined>,78040,216734,8352,8352,-38610.48879001445,-38610.488790013704,1,61734,-38610.48879001,-38610.48879001,0.0,-38610.488793648416,-48051.98602260449,6280.280555500786,3516.503272765079,156.9228825115487,403.8486607514378,-246.92577823988913,108.36082106984955,/users/delfos/aina/mmobec-pyomo/results/FTC_20251031_20251130_c30_sc60_15min_same_ren/DA/ec/001,/users/delfos/aina/mmobec-pyomo/results/FTC_20251031_20251130_c30_sc60_15min_same_ren/DA/ec/001/solver_log.txt,ok,,
same_ren,15min_ren_same,100,/users/delfos/aina/scentree-gen-remote/scentree-gen-remote/scenarios_AMPL/scenarios_AMPL_same_ren/FTC_20251031_20251130_c30_sc100_15min_same_ren,5,"20,21,22,23",16,4,3861974,azathoth,0.6220703125,7.3115234375,100,39,39,0.7156040668487549,0.3393542766571045,20.69131851196289,31.045414924621582,ok,optimal,"Model was solved to optimality (subject to tolerances), and an optimal solution is available.",<undefined>,104950,312770,11232,11232,-39359.73241857267,-39359.73241857267,1,73662,-39359.73241857,-39359.73241857,0.0,-39359.73241857275,-49723.20635927511,5045.961212859674,5729.021018009892,84.65505027421983,388.92092262133787,-304.26587234711803,107.24241782000011,/users/delfos/aina/mmobec-pyomo/results/FTC_20251031_20251130_c30_sc100_15min_same_ren/DA/ec/001,/users/delfos/aina/mmobec-pyomo/results/FTC_20251031_20251130_c30_sc100_15min_same_ren/DA/ec/001/solver_log.txt,ok,,
same_ren,15min_ren_same,90,/users/delfos/aina/scentree-gen-remote/scentree-gen-remote/scenarios_AMPL/scenarios_AMPL_same_ren/FTC_20251031_20251130_c30_sc90_15min_same_ren,3,"12,13,14,15",16,4,3861961,azathoth,0.6220703125,17.7958984375,90,50,50,0.665414571762085,0.8057811260223389,45.28465008735657,57.18435978889465,ok,optimal,"Model was solved to optimality (subject to tolerances), and an optimal solution is available.",<undefined>,134551,472880,14400,14400,-38745.464798642555,-38745.442882137926,1,109577,-38745.46479864,-38745.44288214,0.0001,-38745.46479841541,-53491.13625857061,6498.548815994817,8688.076403268029,281.82635394578733,614.8154074715869,-332.9890535257996,107.96470558180944,/users/delfos/aina/mmobec-pyomo/results/FTC_20251031_20251130_c30_sc90_15min_same_ren/DA/ec/001,/users/delfos/aina/mmobec-pyomo/results/FTC_20251031_20251130_c30_sc90_15min_same_ren/DA/ec/001/solver_log.txt,ok,,
same_ren,15min_ren_same,130,/users/delfos/aina/scentree-gen-remote/scentree-gen-remote/scenarios_AMPL/scenarios_AMPL_same_ren/FTC_20251031_20251130_c30_sc130_15min_same_ren,7,"28,29,30,31",16,4,3861963,azathoth,0.6220703125,19.734375,130,54,54,0.8964066505432129,0.4492228031158447,43.72254991531372,57.84123969078064,ok,optimal,"Model was solved to optimality (subject to tolerances), and an optimal solution is available.",<undefined>,145315,551932,15552,15552,-37738.076142752805,-37738.06373552013,1,101283,-37738.07614275,-37738.06373552,0.0,-37738.07614275298,-47988.55218280997,6659.75309283611,3907.4103941256094,100.7603117300718,311.8310917706928,-211.070780040621,105.61666686390208,/users/delfos/aina/mmobec-pyomo/results/FTC_20251031_20251130_c30_sc130_15min_same_ren/DA/ec/001,/users/delfos/aina/mmobec-pyomo/results/FTC_20251031_20251130_c30_sc130_15min_same_ren/DA/ec/001/solver_log.txt,ok,,
same_ren,15min_ren_same,160,/users/delfos/aina/scentree-gen-remote/scentree-gen-remote/scenarios_AMPL/scenarios_AMPL_same_ren/FTC_20251031_20251130_c30_sc160_15min_same_ren,10,"40,41,42,43",16,4,3861967,azathoth,0.6220703125,19.734375,160,56,56,1.098358154296875,0.5070369243621826,46.16504240036011,61.733537673950195,ok,optimal,"Model was solved to optimality (subject to tolerances), and an optimal solution is available.",<undefined>,150697,554380,16128,16128,-38178.76439083811,-38178.76439083811,1,108624,-38178.76439084,-38178.76439084,0.0,-38178.76439141442,-52212.85429857564,6537.956063181323,7955.749432255035,138.08779884090217,493.62655138655106,-355.5387525456489,104.07683572947602,/users/delfos/aina/mmobec-pyomo/results/FTC_20251031_20251130_c30_sc160_15min_same_ren/DA/ec/001,/users/delfos/aina/mmobec-pyomo/results/FTC_20251031_20251130_c30_sc160_15min_same_ren/DA/ec/001/solver_log.txt,ok,,
same_ren,15min_ren_same,110,/users/delfos/aina/scentree-gen-remote/scentree-gen-remote/scenarios_AMPL/scenarios_AMPL_same_ren/FTC_20251031_20251130_c30_sc110_15min_same_ren,4,"16,17,18,19",16,4,3861970,azathoth,0.6220703125,21.4375,110,55,55,0.7965822219848633,0.8548557758331299,50.69088077545166,64.06921315193176,ok,optimal,"Model was solved to optimality (subject to tolerances), and an optimal solution is available.",<undefined>,148006,555322,15840,15840,-38411.129176967115,-38411.129176967115,1,108571,-38411.12917697,-38411.12917697,0.0,-38411.129176966904,-54072.0088072421,6007.919719532222,10053.92686029853,154.0456979339517,446.6062217046251,-292.5605237706734,108.40642578512183,/users/delfos/aina/mmobec-pyomo/results/FTC_20251031_20251130_c30_sc110_15min_same_ren/DA/ec/001,/users/delfos/aina/mmobec-pyomo/results/FTC_20251031_20251130_c30_sc110_15min_same_ren/DA/ec/001/solver_log.txt,ok,,
same_ren,15min_ren_same,210,/users/delfos/aina/scentree-gen-remote/scentree-gen-remote/scenarios_AMPL/scenarios_AMPL_same_ren/FTC_20251031_20251130_c30_sc210_15min_same_ren,15,"60,61,62,63",16,4,3861972,azathoth,0.6220703125,21.4375,210,57,57,1.416558027267456,0.5667610168457031,47.84047293663025,65.49749374389648,ok,optimal,"Model was solved to optimality (subject to tolerances), and an optimal solution is available.",<undefined>,153388,542422,16416,16416,-38633.09638435162,-38633.09638435162,1,105189,-38633.09638435,-38633.09638435,0.0,-38633.09638545425,-44185.853000302995,5856.476283983085,111.97102937860409,62.78945345949133,371.66939348996243,-308.8799400304711,106.81075848255718,/users/delfos/aina/mmobec-pyomo/results/FTC_20251031_20251130_c30_sc210_15min_same_ren/DA/ec/001,/users/delfos/aina/mmobec-pyomo/results/FTC_20251031_20251130_c30_sc210_15min_same_ren/DA/ec/001/solver_log.txt,ok,,
same_ren,15min_ren_same,80,/users/delfos/aina/scentree-gen-remote/scentree-gen-remote/scenarios_AMPL/scenarios_AMPL_same_ren/FTC_20251031_20251130_c30_sc80_15min_same_ren,2,"8,9,10,11",16,4,3861962,azathoth,0.6220703125,24.2919921875,80,54,54,0.620593786239624,1.2439303398132324,62.55034279823303,74.5507423877716,ok,optimal,"Model was solved to optimality (subject to tolerances), and an optimal solution is available.",<undefined>,145315,535896,15552,15552,-37592.00164819173,-37591.957756062184,1,119866,-37592.00164819,-37591.95775606,0.0001,-37592.001648191515,-46506.40612451065,6142.753905520559,3279.938509412813,229.98598206070173,631.4994000962963,-401.51341803559455,106.77452057849959,/users/delfos/aina/mmobec-pyomo/results/FTC_20251031_20251130_c30_sc80_15min_same_ren/DA/ec/001,/users/delfos/aina/mmobec-pyomo/results/FTC_20251031_20251130_c30_sc80_15min_same_ren/DA/ec/001/solver_log.txt,ok,,
same_ren,15min_ren_same,180,/users/delfos/aina/scentree-gen-remote/scentree-gen-remote/scenarios_AMPL/scenarios_AMPL_same_ren/FTC_20251031_20251130_c30_sc180_15min_same_ren,12,"48,49,50,51",16,4,3861973,azathoth,0.6220703125,26.16015625,180,71,71,1.2598023414611816,1.7312495708465576,66.38535857200623,85.16319680213928,ok,optimal,"Model was solved to optimality (subject to tolerances), and an optimal solution is available.",<undefined>,191062,786982,20448,20448,-38205.329806194815,-38205.301526960146,1,138387,-38205.32980619,-38205.30152696,0.0001,-38205.329806057656,-51604.0280689449,6472.629818028102,7392.535698005934,151.08658193273746,512.6072995955361,-361.5207176627987,104.9465354838709,/users/delfos/aina/mmobec-pyomo/results/FTC_20251031_20251130_c30_sc180_15min_same_ren/DA/ec/001,/users/delfos/aina/mmobec-pyomo/results/FTC_20251031_20251130_c30_sc180_15min_same_ren/DA/ec/001/solver_log.txt,ok,,
same_ren,15min_ren_same,120,/users/delfos/aina/scentree-gen-remote/scentree-gen-remote/scenarios_AMPL/scenarios_AMPL_same_ren/FTC_20251031_20251130_c30_sc120_15min_same_ren,6,"24,25,26,27",16,4,3861964,azathoth,0.6220703125,26.3076171875,120,77,77,0.9093372821807861,0.5509798526763916,71.86084699630737,89.51706719398499,ok,optimal,"Model was solved to optimality (subject to tolerances), and an optimal solution is available.",<undefined>,207208,926596,22176,22176,-38149.73565094704,-38149.73565094704,1,145361,-38149.73565095,-38149.73565095,0.0,-38149.735650924806,-57039.40933216424,5585.117674132507,13840.129124460933,65.24463950304421,493.7451705619265,-428.5005310588823,107.07258629540335,/users/delfos/aina/mmobec-pyomo/results/FTC_20251031_20251130_c30_sc120_15min_same_ren/DA/ec/001,/users/delfos/aina/mmobec-pyomo/results/FTC_20251031_20251130_c30_sc120_15min_same_ren/DA/ec/001/solver_log.txt,ok,,
same_ren,15min_ren_same,170,/users/delfos/aina/scentree-gen-remote/scentree-gen-remote/scenarios_AMPL/scenarios_AMPL_same_ren/FTC_20251031_20251130_c30_sc170_15min_same_ren,11,"44,45,46,47",16,4,3861965,azathoth,0.6220703125,26.3076171875,170,65,65,1.155949592590332,0.5519695281982422,74.29693722724915,91.84098052978516,ok,optimal,"Model was solved to optimality (subject to tolerances), and an optimal solution is available.",<undefined>,174916,745426,18720,18720,-37866.495151208095,-37866.46085559445,1,132104,-37866.49515121,-37866.46085559,0.0001,-37866.49515042999,-51101.393576540715,6487.693274337579,7139.151137678029,87.08062581439789,369.9426816015102,-282.8620557871123,109.08393011764788,/users/delfos/aina/mmobec-pyomo/results/FTC_20251031_20251130_c30_sc170_15min_same_ren/DA/ec/001,/users/delfos/aina/mmobec-pyomo/results/FTC_20251031_20251130_c30_sc170_15min_same_ren/DA/ec/001/solver_log.txt,ok,,
same_ren,15min_ren_same,190,/users/delfos/aina/scentree-gen-remote/scentree-gen-remote/scenarios_AMPL/scenarios_AMPL_same_ren/FTC_20251031_20251130_c30_sc190_15min_same_ren,13,"52,53,54,55",16,4,3861971,azathoth,0.6220703125,26.36328125,190,79,79,1.2823007106781006,0.6574370861053467,74.44727969169617,95.02532052993774,ok,optimal,"Model was solved to optimality (subject to tolerances), and an optimal solution is available.",<undefined>,212590,970910,22752,22752,-38896.4775388042,-38896.418162496964,1,147857,-38896.4775388,-38896.4181625,0.0002,-38896.47752824515,-52168.20060546769,5685.086602318553,7952.49205941317,86.43870556305065,343.46978739344206,-257.03108183039143,108.82450267867053,/users/delfos/aina/mmobec-pyomo/results/FTC_20251031_20251130_c30_sc190_15min_same_ren/DA/ec/001,/users/delfos/aina/mmobec-pyomo/results/FTC_20251031_20251130_c30_sc190_15min_same_ren/DA/ec/001/solver_log.txt,ok,,
same_ren,15min_ren_same,150,/users/delfos/aina/scentree-gen-remote/scentree-gen-remote/scenarios_AMPL/scenarios_AMPL_same_ren/FTC_20251031_20251130_c30_sc150_15min_same_ren,9,"36,37,38,39",16,4,3861969,azathoth,0.6220703125,26.333984375,150,64,64,1.0722317695617676,0.5389301776885986,82.79447817802429,99.52465510368347,ok,optimal,"Model was solved to optimality (subject to tolerances), and an optimal solution is available.",<undefined>,172225,678568,18432,18432,-38207.07705323464,-38207.05340720011,1,138489,-38207.07705323,-38207.0534072,0.0001,-38207.07704932665,-51232.564424773875,6215.40197781198,7184.598293898904,172.39356066341037,440.35081676783716,-267.9572561044268,106.55564015926788,/users/delfos/aina/mmobec-pyomo/results/FTC_20251031_20251130_c30_sc150_15min_same_ren/DA/ec/001,/users/delfos/aina/mmobec-pyomo/results/FTC_20251031_20251130_c30_sc150_15min_same_ren/DA/ec/001/solver_log.txt,ok,,
same_ren,15min_ren_same,200,/users/delfos/aina/scentree-gen-remote/scentree-gen-remote/scenarios_AMPL/scenarios_AMPL_same_ren/FTC_20251031_20251130_c30_sc200_15min_same_ren,14,"56,57,58,59",16,4,3861968,azathoth,0.6220703125,25.59375,200,71,71,1.3637521266937256,0.6173150539398193,88.85272312164307,108.73526215553284,ok,optimal,"Model was solved to optimality (subject to tolerances), and an optimal solution is available.",<undefined>,191062,821566,20448,20448,-37865.60458301035,-37865.56511269188,1,145189,-37865.60458301,-37865.56511269,0.0001,-37865.60458285315,-46569.43874701351,5914.716017173868,3198.478997261122,192.38366165756628,492.7895722186794,-300.4059105611131,108.95493971280062,/users/delfos/aina/mmobec-pyomo/results/FTC_20251031_20251130_c30_sc200_15min_same_ren/DA/ec/001,/users/delfos/aina/mmobec-pyomo/results/FTC_20251031_20251130_c30_sc200_15min_same_ren/DA/ec/001/solver_log.txt,ok,,
same_ren,15min_ren_same,230,/users/delfos/aina/scentree-gen-remote/scentree-gen-remote/scenarios_AMPL/scenarios_AMPL_same_ren/FTC_20251031_20251130_c30_sc230_15min_same_ren,0,"0,1,2,3",16,4,3861957,azathoth,6.4677734375,25.59375,230,79,79,1.5941731929779053,0.7064380645751953,64.7372796535492,85.40324664115906,ok,optimal,"Model was solved to optimality (subject to tolerances), and an optimal solution is available.",<undefined>,212590,918222,22752,22752,-38061.81801469951,-38061.81801469929,1,143575,-38061.8180147,-38061.8180147,0.0,-38061.81801469969,-53576.47449322885,5877.085096103804,10047.590802701674,119.38777377824704,421.74679432329935,-302.3590205450523,107.66039973112947,/users/delfos/aina/mmobec-pyomo/results/FTC_20251031_20251130_c30_sc230_15min_same_ren/DA/ec/001,/users/delfos/aina/mmobec-pyomo/results/FTC_20251031_20251130_c30_sc230_15min_same_ren/DA/ec/001/solver_log.txt,ok,,
same_ren,15min_ren_same,220,/users/delfos/aina/scentree-gen-remote/scentree-gen-remote/scenarios_AMPL/scenarios_AMPL_same_ren/FTC_20251031_20251130_c30_sc220_15min_same_ren,1,"4,5,6,7",16,4,3861960,azathoth,4.10302734375,25.3056640625,220,76,76,1.5546953678131104,0.6901142597198486,79.72955870628357,99.40206098556519,ok,optimal,"Model was solved to optimality (subject to tolerances), and an optimal solution is available.",<undefined>,204517,870124,21888,21888,-38762.3252954104,-38762.26746981701,1,144808,-38762.32529541,-38762.26746982,0.0001,-38762.32529534541,-47578.85106121761,6286.9755992559185,2965.411539564919,107.22287116940414,436.39715897778194,-329.1742878083778,106.68708514035939,/users/delfos/aina/mmobec-pyomo/results/FTC_20251031_20251130_c30_sc220_15min_same_ren/DA/ec/001,/users/delfos/aina/mmobec-pyomo/results/FTC_20251031_20251130_c30_sc220_15min_same_ren/DA/ec/001/solver_log.txt,ok,,
same_ren,15min_ren_same,140,/users/delfos/aina/scentree-gen-remote/scentree-gen-remote/scenarios_AMPL/scenarios_AMPL_same_ren/FTC_20251031_20251130_c30_sc140_15min_same_ren,8,"32,33,34,35",16,4,3861966,azathoth,0.6220703125,24.8779296875,140,74,74,0.9985682964324951,0.5642127990722656,128.9981245994568,146.9613437652588,ok,optimal,"Model was solved to optimality (subject to tolerances), and an optimal solution is available.",<undefined>,199135,884412,21312,21312,-37959.45072272651,-37958.66007778243,1,153318,-37959.45072273,-37958.66007778,0.0021,-37959.450722678084,-42899.40133545002,6066.565387691488,-716.9675427411844,125.96891162702559,427.89969808735106,-301.93078646032546,107.71644571762266,/users/delfos/aina/mmobec-pyomo/results/FTC_20251031_20251130_c30_sc140_15min_same_ren/DA/ec/001,/users/delfos/aina/mmobec-pyomo/results/FTC_20251031_20251130_c30_sc140_15min_same_ren/DA/ec/001/solver_log.txt,ok,,
same_ren,15min_ren_same,250,/users/delfos/aina/scentree-gen-remote/scentree-gen-remote/scenarios_AMPL/scenarios_AMPL_same_ren/FTC_20251031_20251130_c30_sc250_15min_same_ren,3,"12,13,14,15",16,4,3861961,azathoth,17.7958984375,28.15234375,250,92,92,1.7279329299926758,0.8230001926422119,102.13168501853943,127.08434891700745,ok,optimal,"Model was solved to optimality (subject to tolerances), and an optimal solution is available.",<undefined>,247573,1240616,26496,26496,-38345.10810935138,-38345.10676594151,1,174962,-38345.10810935,-38345.10676594,0.0,-38345.10810935038,-56931.44704508846,6273.5135613772845,12651.960987990711,127.84223000619473,359.45508259544954,-231.61285258925483,107.52276104147069,/users/delfos/aina/mmobec-pyomo/results/FTC_20251031_20251130_c30_sc250_15min_same_ren/DA/ec/001,/users/delfos/aina/mmobec-pyomo/results/FTC_20251031_20251130_c30_sc250_15min_same_ren/DA/ec/001/solver_log.txt,ok,,
same_ren,15min_ren_same,240,/users/delfos/aina/scentree-gen-remote/scentree-gen-remote/scenarios_AMPL/scenarios_AMPL_same_ren/FTC_20251031_20251130_c30_sc240_15min_same_ren,5,"20,21,22,23",16,4,3861974,azathoth,7.3115234375,36.89990234375,240,93,93,1.669518232345581,0.8017454147338867,179.19291400909424,203.75424027442932,ok,optimal,"Model was solved to optimality (subject to tolerances), and an optimal solution is available.",<undefined>,250264,1263654,26784,26784,-38395.741173548085,-38395.729595249104,1,203264,-38395.74117355,-38395.72959525,0.0,-38395.74117354721,-51386.39428169976,6256.568462693491,7144.169278813367,273.55991430935103,577.1176040416335,-303.5576897322825,106.52694362222252,/users/delfos/aina/mmobec-pyomo/results/FTC_20251031_20251130_c30_sc240_15min_same_ren/DA/ec/001,/users/delfos/aina/mmobec-pyomo/results/FTC_20251031_20251130_c30_sc240_15min_same_ren/DA/ec/001/solver_log.txt,ok,,
same_ren,15min_ren_same,310,/users/delfos/aina/scentree-gen-remote/scentree-gen-remote/scenarios_AMPL/scenarios_AMPL_same_ren/FTC_20251031_20251130_c30_sc310_15min_same_ren,12,"48,49,50,51",16,4,3861973,azathoth,26.16015625,37.62890625,310,100,100,2.1535215377807617,0.9184482097625732,126.63684821128845,156.02779483795166,ok,optimal,"Model was solved to optimality (subject to tolerances), and an optimal solution is available.",<undefined>,269101,1391116,28800,28800,-38154.13285304803,-38154.13285304803,1,197527,-38154.13285305,-38154.13285305,0.0,-38154.13285304755,-48723.46856805149,6156.569258808265,4826.367118819436,154.8152699740863,462.2022699578779,-307.3869999837916,106.21366264048183,/users/delfos/aina/mmobec-pyomo/results/FTC_20251031_20251130_c30_sc310_15min_same_ren/DA/ec/001,/users/delfos/aina/mmobec-pyomo/results/FTC_20251031_20251130_c30_sc310_15min_same_ren/DA/ec/001/solver_log.txt,ok,,
same_ren,15min_ren_same,300,/users/delfos/aina/scentree-gen-remote/scentree-gen-remote/scenarios_AMPL/scenarios_AMPL_same_ren/FTC_20251031_20251130_c30_sc300_15min_same_ren,2,"8,9,10,11",16,4,3861962,azathoth,24.2919921875,37.37841796875,300,113,113,2.0782980918884277,0.9843802452087402,164.1386148929596,195.65750169754028,ok,optimal,"Model was solved to optimality (subject to tolerances), and an optimal solution is available.",<undefined>,304084,1768206,32544,32544,-37665.75468030713,-37665.75135536661,1,217899,-37665.75468031,-37665.75135537,0.0,-37665.75468042589,-49143.93335474453,6058.488612693341,5831.134435640757,67.58578135379932,374.0203509245915,-306.4345695707922,105.00980444461433,/users/delfos/aina/mmobec-pyomo/results/FTC_20251031_20251130_c30_sc300_15min_same_ren/DA/ec/001,/users/delfos/aina/mmobec-pyomo/results/FTC_20251031_20251130_c30_sc300_15min_same_ren/DA/ec/001/solver_log.txt,ok,,
same_ren,15min_ren_same,280,/users/delfos/aina/scentree-gen-remote/scentree-gen-remote/scenarios_AMPL/scenarios_AMPL_same_ren/FTC_20251031_20251130_c30_sc280_15min_same_ren,4,"16,17,18,19",16,4,3861970,azathoth,21.4375,37.0595703125,280,108,108,1.9632713794708252,0.9335641860961914,189.98679733276367,219.70780396461487,ok,optimal,"Model was solved to optimality (subject to tolerances), and an optimal solution is available.",<undefined>,290629,1629304,31104,31104,-37767.711994451965,-37767.70878324756,1,221201,-37767.71199445,-37767.70878325,0.0,-37767.71199403512,-48413.20334911782,5897.453594095177,5139.991150062811,187.99954940641183,471.3387438543332,-283.3391944479214,108.61419462729724,/users/delfos/aina/mmobec-pyomo/results/FTC_20251031_20251130_c30_sc280_15min_same_ren/DA/ec/001,/users/delfos/aina/mmobec-pyomo/results/FTC_20251031_20251130_c30_sc280_15min_same_ren/DA/ec/001/solver_log.txt,ok,,
same_ren,15min_ren_same,290,/users/delfos/aina/scentree-gen-remote/scentree-gen-remote/scenarios_AMPL/scenarios_AMPL_same_ren/FTC_20251031_20251130_c30_sc290_15min_same_ren,15,"60,61,62,63",16,4,3861972,azathoth,21.4375,36.89453125,290,107,107,2.0709235668182373,0.9300734996795654,192.523442029953,224.08480763435364,ok,optimal,"Model was solved to optimality (subject to tolerances), and an optimal solution is available.",<undefined>,287938,1636510,30816,30816,-36350.909433748595,-36350.90931484072,1,229135,-36350.90943375,-36350.90931484,0.0,-36350.90942055822,-50399.691277057005,6332.753438936579,8084.922495976802,161.71464049882132,424.5860925187812,-262.87145201995986,106.02262639486707,/users/delfos/aina/mmobec-pyomo/results/FTC_20251031_20251130_c30_sc290_15min_same_ren/DA/ec/001,/users/delfos/aina/mmobec-pyomo/results/FTC_20251031_20251130_c30_sc290_15min_same_ren/DA/ec/001/solver_log.txt,ok,,
same_ren,15min_ren_same,260,/users/delfos/aina/scentree-gen-remote/scentree-gen-remote/scenarios_AMPL/scenarios_AMPL_same_ren/FTC_20251031_20251130_c30_sc260_15min_same_ren,7,"28,29,30,31",16,4,3861963,azathoth,19.734375,36.91748046875,260,109,109,1.8727006912231445,0.9206500053405762,214.1696183681488,244.6796317100525,ok,optimal,"Model was solved to optimality (subject to tolerances), and an optimal solution is available.",<undefined>,293320,1655258,31392,31392,-39280.69366975275,-39280.686978601596,1,219966,-39280.69366975,-39280.6869786,0.0,-39280.69366968269,-50092.16580572466,5361.959624728776,5828.4067201223315,100.80454383729439,370.01496372637337,-269.210419889079,109.68378892096645,/users/delfos/aina/mmobec-pyomo/results/FTC_20251031_20251130_c30_sc260_15min_same_ren/DA/ec/001,/users/delfos/aina/mmobec-pyomo/results/FTC_20251031_20251130_c30_sc260_15min_same_ren/DA/ec/001/solver_log.txt,ok,,
same_ren,15min_ren_same,340,/users/delfos/aina/scentree-gen-remote/scentree-gen-remote/scenarios_AMPL/scenarios_AMPL_same_ren/FTC_20251031_20251130_c30_sc340_15min_same_ren,13,"52,53,54,55",16,4,3861971,azathoth,26.36328125,36.87158203125,340,115,115,2.337073564529419,1.059434413909912,190.9814682006836,224.88402915000916,ok,optimal,"Model was solved to optimality (subject to tolerances), and an optimal solution is available.",<undefined>,309466,1803158,33120,33120,-38618.01098781557,-38617.664640960225,1,235544,-38618.01098782,-38617.66464096,0.0009,-38618.01098854384,-49824.87745191613,6158.6215424006805,5488.751211213754,151.64853096489242,486.0738387205381,-334.4253077556457,106.08098248616534,/users/delfos/aina/mmobec-pyomo/results/FTC_20251031_20251130_c30_sc340_15min_same_ren/DA/ec/001,/users/delfos/aina/mmobec-pyomo/results/FTC_20251031_20251130_c30_sc340_15min_same_ren/DA/ec/001/solver_log.txt,ok,,
same_ren,15min_ren_same,270,/users/delfos/aina/scentree-gen-remote/scentree-gen-remote/scenarios_AMPL/scenarios_AMPL_same_ren/FTC_20251031_20251130_c30_sc270_15min_same_ren,10,"40,41,42,43",16,4,3861967,azathoth,19.734375,36.81787109375,270,116,116,1.9419033527374268,0.9738686084747314,237.9010353088379,269.60285997390747,ok,optimal,"Model was solved to optimality (subject to tolerances), and an optimal solution is available.",<undefined>,312157,1843812,33408,33408,-37882.83065730285,-37882.721393821834,1,238180,-37882.8306573,-37882.72139382,0.0003,-37882.83065730331,-54768.19718528093,5707.419232184974,11577.376429051075,201.37804623815063,492.3585988131591,-290.98055257500846,108.44858068297208,/users/delfos/aina/mmobec-pyomo/results/FTC_20251031_20251130_c30_sc270_15min_same_ren/DA/ec/001,/users/delfos/aina/mmobec-pyomo/results/FTC_20251031_20251130_c30_sc270_15min_same_ren/DA/ec/001/solver_log.txt,ok,,
same_ren,15min_ren_same,370,/users/delfos/aina/scentree-gen-remote/scentree-gen-remote/scenarios_AMPL/scenarios_AMPL_same_ren/FTC_20251031_20251130_c30_sc370_15min_same_ren,0,"0,1,2,3",16,4,3861957,azathoth,25.59375,38.697265625,370,118,118,2.5332233905792236,1.1109428405761719,246.18943977355957,281.3756709098816,ok,optimal,"Model was solved to optimality (subject to tolerances), and an optimal solution is available.",<undefined>,317539,1868452,33984,33984,-37794.23948910358,-37794.23810844231,1,241267,-37794.2394891,-37794.23810844,0.0,-37794.23948945468,-49471.76888670453,6085.360303694041,5994.792364524231,140.3543223583565,436.4033807052818,-296.0490583469253,106.57421262129245,/users/delfos/aina/mmobec-pyomo/results/FTC_20251031_20251130_c30_sc370_15min_same_ren/DA/ec/001,/users/delfos/aina/mmobec-pyomo/results/FTC_20251031_20251130_c30_sc370_15min_same_ren/DA/ec/001/solver_log.txt,ok,,
same_ren,15min_ren_same,380,/users/delfos/aina/scentree-gen-remote/scentree-gen-remote/scenarios_AMPL/scenarios_AMPL_same_ren/FTC_20251031_20251130_c30_sc380_15min_same_ren,1,"4,5,6,7",16,4,3861960,azathoth,25.3056640625,42.26025390625,380,128,128,2.6662113666534424,1.1836051940917969,299.593789100647,339.5202224254608,ok,optimal,"Model was solved to optimality (subject to tolerances), and an optimal solution is available.",<undefined>,344449,2222228,36864,36864,-38220.43524888215,-38220.42063606814,1,271179,-38220.43524888,-38220.42063607,0.0,-38220.43524819461,-48797.33714225635,5919.9426543573345,5142.846912967256,58.62231299870237,437.460243449407,-378.8379304507047,107.04974281301914,/users/delfos/aina/mmobec-pyomo/results/FTC_20251031_20251130_c30_sc380_15min_same_ren/DA/ec/001,/users/delfos/aina/mmobec-pyomo/results/FTC_20251031_20251130_c30_sc380_15min_same_ren/DA/ec/001/solver_log.txt,ok,,
same_ren,15min_ren_same,350,/users/delfos/aina/scentree-gen-remote/scentree-gen-remote/scenarios_AMPL/scenarios_AMPL_same_ren/FTC_20251031_20251130_c30_sc350_15min_same_ren,9,"36,37,38,39",16,4,3861969,azathoth,26.333984375,46.2001953125,350,149,149,2.541365385055542,1.2787675857543945,393.72120332717896,439.1660771369934,ok,optimal,"Model was solved to optimality (subject to tolerances), and an optimal solution is available.",<undefined>,400960,2866950,42912,42912,-38530.97606997937,-38530.95043089332,1,280084,-38530.97606998,-38530.95043089,0.0001,-38530.9760716731,-50974.93511389878,5364.710571742999,7534.017063721434,70.54860731175847,419.48181118664934,-348.93320387489086,105.83538936364137,/users/delfos/aina/mmobec-pyomo/results/FTC_20251031_20251130_c30_sc350_15min_same_ren/DA/ec/001,/users/delfos/aina/mmobec-pyomo/results/FTC_20251031_20251130_c30_sc350_15min_same_ren/DA/ec/001/solver_log.txt,ok,,
same_ren,15min_ren_same,400,/users/delfos/aina/scentree-gen-remote/scentree-gen-remote/scenarios_AMPL/scenarios_AMPL_same_ren/FTC_20251031_20251130_c30_sc400_15min_same_ren,3,"12,13,14,15",16,4,3861961,azathoth,28.15234375,44.8984375,400,137,137,2.827888011932373,1.28074049949646,360.29389357566833,404.32752871513367,ok,optimal,"Model was solved to optimality (subject to tolerances), and an optimal solution is available.",<undefined>,368668,2423754,39456,39456,-38160.51279425275,-38160.51264534429,1,309991,-38160.51279425,-38160.51264534,0.0,-38160.51279404871,-50301.26502313827,6750.4105907375315,5853.304448342072,172.1599572144492,530.0105369109059,-357.8505796964567,105.11223029330313,/users/delfos/aina/mmobec-pyomo/results/FTC_20251031_20251130_c30_sc400_15min_same_ren/DA/ec/001,/users/delfos/aina/mmobec-pyomo/results/FTC_20251031_20251130_c30_sc400_15min_same_ren/DA/ec/001/solver_log.txt,ok,,
same_ren,15min_ren_same,420,/users/delfos/aina/scentree-gen-remote/scentree-gen-remote/scenarios_AMPL/scenarios_AMPL_same_ren/FTC_20251031_20251130_c30_sc420_15min_same_ren,12,"48,49,50,51",16,4,3861973,azathoth,37.62890625,43.9912109375,420,134,134,2.9438869953155518,1.2578060626983643,316.7881028652191,360.7648138999939,ok,optimal,"Model was solved to optimality (subject to tolerances), and an optimal solution is available.",<undefined>,360595,2362592,38592,38592,-38841.43092453497,-38841.43092453497,1,299297,-38841.43092453,-38841.43092453,0.0,-38841.43090800446,-45995.244501967885,5644.341132374884,1925.3375248957432,102.37295509129584,410.5473783335551,-308.1744232422593,107.69064006440028,/users/delfos/aina/mmobec-pyomo/results/FTC_20251031_20251130_c30_sc420_15min_same_ren/DA/ec/001,/users/delfos/aina/mmobec-pyomo/results/FTC_20251031_20251130_c30_sc420_15min_same_ren/DA/ec/001/solver_log.txt,ok,,
same_ren,15min_ren_same,460,/users/delfos/aina/scentree-gen-remote/scentree-gen-remote/scenarios_AMPL/scenarios_AMPL_same_ren/FTC_20251031_20251130_c30_sc460_15min_same_ren,7,"28,29,30,31",16,4,3861963,azathoth,36.91748046875,43.99658203125,460,129,129,3.361133575439453,1.3185927867889404,299.8539230823517,346.14162278175354,ok,optimal,"Model was solved to optimality (subject to tolerances), and an optimal solution is available.",<undefined>,347140,2174406,37152,37152,-38415.558342761324,-38415.222307892735,1,269744,-38415.55834276,-38415.22230789,0.0009,-38415.55834038734,-49270.571240879086,6270.004240027442,5030.620474237975,106.1390447225982,444.2413334227329,-338.1022887001347,107.50952507371026,/users/delfos/aina/mmobec-pyomo/results/FTC_20251031_20251130_c30_sc460_15min_same_ren/DA/ec/001,/users/delfos/aina/mmobec-pyomo/results/FTC_20251031_20251130_c30_sc460_15min_same_ren/DA/ec/001/solver_log.txt,ok,,
same_ren,15min_ren_same,410,/users/delfos/aina/scentree-gen-remote/scentree-gen-remote/scenarios_AMPL/scenarios_AMPL_same_ren/FTC_20251031_20251130_c30_sc410_15min_same_ren,5,"20,21,22,23",16,4,3861974,azathoth,36.89990234375,45.85400390625,410,140,140,2.851489543914795,1.2767927646636963,435.15975403785706,479.7686746120453,ok,optimal,"Model was solved to optimality (subject to tolerances), and an optimal solution is available.",<undefined>,376741,2602656,40320,40320,-38158.91631316226,-38158.910396879306,1,283427,-38158.91631316,-38158.91039688,0.0,-38158.91631472049,-46765.5107169199,5367.216155394496,3661.161648183313,101.23867780077954,413.72405847986283,-312.4853806790833,109.29802069981045,/users/delfos/aina/mmobec-pyomo/results/FTC_20251031_20251130_c30_sc410_15min_same_ren/DA/ec/001,/users/delfos/aina/mmobec-pyomo/results/FTC_20251031_20251130_c30_sc410_15min_same_ren/DA/ec/001/solver_log.txt,ok,,
same_ren,15min_ren_same,390,/users/delfos/aina/scentree-gen-remote/scentree-gen-remote/scenarios_AMPL/scenarios_AMPL_same_ren/FTC_20251031_20251130_c30_sc390_15min_same_ren,8,"32,33,34,35",16,4,3861966,azathoth,24.8779296875,44.51416015625,390,142,142,2.7036125659942627,1.2585630416870117,541.8885734081268,586.4552714824677,ok,optimal,"Model was solved to optimality (subject to tolerances), and an optimal solution is available.",<undefined>,382123,2669036,40896,40896,-38326.04753410843,-38326.04585656945,1,321125,-38326.04753411,-38326.04585657,0.0,-38326.04753410846,-48282.92948314706,5580.210408992523,4838.2443483006655,144.34184229418918,498.7926330540815,-354.4507907598923,107.122017494102,/users/delfos/aina/mmobec-pyomo/results/FTC_20251031_20251130_c30_sc390_15min_same_ren/DA/ec/001,/users/delfos/aina/mmobec-pyomo/results/FTC_20251031_20251130_c30_sc390_15min_same_ren/DA/ec/001/solver_log.txt,ok,,
same_ren,15min_ren_same,360,/users/delfos/aina/scentree-gen-remote/scentree-gen-remote/scenarios_AMPL/scenarios_AMPL_same_ren/FTC_20251031_20251130_c30_sc360_15min_same_ren,14,"56,57,58,59",16,4,3861968,azathoth,25.59375,44.51416015625,360,148,148,2.591858148574829,1.2507600784301758,580.33460688591,625.2393643856049,ok,optimal,"Model was solved to optimality (subject to tolerances), and an optimal solution is available.",<undefined>,398269,2839436,42624,42624,-38772.154033969164,-38771.80754528462,1,339352,-38772.15403397,-38771.80754528,0.0009,-38772.15403398839,-47892.34731131486,5690.875355005816,3864.4339901112676,169.58231956489547,496.7183824548872,-327.13606288999176,107.98000490074571,/users/delfos/aina/mmobec-pyomo/results/FTC_20251031_20251130_c30_sc360_15min_same_ren/DA/ec/001,/users/delfos/aina/mmobec-pyomo/results/FTC_20251031_20251130_c30_sc360_15min_same_ren/DA/ec/001/solver_log.txt,ok,,
same_ren,15min_ren_same,440,/users/delfos/aina/scentree-gen-remote/scentree-gen-remote/scenarios_AMPL/scenarios_AMPL_same_ren/FTC_20251031_20251130_c30_sc440_15min_same_ren,4,"16,17,18,19",16,4,3861970,azathoth,37.0595703125,44.24169921875,440,154,154,3.0805985927581787,1.379781723022461,436.5237364768982,486.8436064720154,ok,optimal,"Model was solved to optimality (subject to tolerances), and an optimal solution is available.",<undefined>,414415,3071704,44352,44352,-39529.85693904463,-39529.72026616345,1,329804,-39529.85693904,-39529.72026616,0.0003,-39529.856938629004,-52076.90237529549,5115.366209823019,7866.967357653252,217.18671385271813,543.8212005256214,-326.6344866729033,108.6536441368501,/users/delfos/aina/mmobec-pyomo/results/FTC_20251031_20251130_c30_sc440_15min_same_ren/DA/ec/001,/users/delfos/aina/mmobec-pyomo/results/FTC_20251031_20251130_c30_sc440_15min_same_ren/DA/ec/001/solver_log.txt,ok,,
same_ren,15min_ren_same,430,/users/delfos/aina/scentree-gen-remote/scentree-gen-remote/scenarios_AMPL/scenarios_AMPL_same_ren/FTC_20251031_20251130_c30_sc430_15min_same_ren,2,"8,9,10,11",16,4,3861962,azathoth,37.37841796875,43.09619140625,430,133,133,2.9809446334838867,1.2759287357330322,527.7301943302155,571.7346615791321,ok,optimal,"Model was solved to optimality (subject to tolerances), and an optimal solution is available.",<undefined>,357904,2337158,38304,38304,-38951.191911270435,-38951.12346889264,1,323629,-38951.19191127,-38951.12346889,0.0002,-38951.19190644978,-50445.25937737832,5719.663180966975,6155.6684871040125,201.151127011365,477.57818105184697,-276.42705404048195,104.83714310232354,/users/delfos/aina/mmobec-pyomo/results/FTC_20251031_20251130_c30_sc430_15min_same_ren/DA/ec/001,/users/delfos/aina/mmobec-pyomo/results/FTC_20251031_20251130_c30_sc430_15min_same_ren/DA/ec/001/solver_log.txt,ok,,
same_ren,15min_ren_same,510,/users/delfos/aina/scentree-gen-remote/scentree-gen-remote/scenarios_AMPL/scenarios_AMPL_same_ren/FTC_20251031_20251130_c30_sc510_15min_same_ren,9,"36,37,38,39",16,4,3861969,azathoth,46.2001953125,42.84814453125,510,115,115,3.6846656799316406,1.3831651210784912,257.9027349948883,306.3216745853424,ok,optimal,"Model was solved to optimality (subject to tolerances), and an optimal solution is available.",<undefined>,309466,1800006,33120,33120,-37895.54323479654,-37895.541241504296,1,234172,-37895.5432348,-37895.5412415,0.0,-37895.54323230626,-48440.77083893984,6283.864188623151,4679.585930622512,170.65746468253963,484.0415756805152,-313.3841109979756,104.83840161387573,/users/delfos/aina/mmobec-pyomo/results/FTC_20251031_20251130_c30_sc510_15min_same_ren/DA/ec/001,/users/delfos/aina/mmobec-pyomo/results/FTC_20251031_20251130_c30_sc510_15min_same_ren/DA/ec/001/solver_log.txt,ok,,
same_ren,15min_ren_same,530,/users/delfos/aina/scentree-gen-remote/scentree-gen-remote/scenarios_AMPL/scenarios_AMPL_same_ren/FTC_20251031_20251130_c30_sc530_15min_same_ren,12,"48,49,50,51",16,4,3861973,azathoth,43.9912109375,55.5380859375,530,156,156,3.770444869995117,1.52065110206604,464.0913345813751,520.9264149665833,ok,optimal,"Model was solved to optimality (subject to tolerances), and an optimal solution is available.",<undefined>,419797,3091192,44928,44928,-39511.50793000081,-39511.47650868078,1,338429,-39511.50793,-39511.47650868,0.0001,-39511.50792757863,-48876.00757360117,5986.721652087346,3755.4142534977555,144.94349910995214,415.6185109246499,-270.67501181469777,106.96124774790098,/users/delfos/aina/mmobec-pyomo/results/FTC_20251031_20251130_c30_sc530_15min_same_ren/DA/ec/001,/users/delfos/aina/mmobec-pyomo/results/FTC_20251031_20251130_c30_sc530_15min_same_ren/DA/ec/001/solver_log.txt,ok,,
same_ren,15min_ren_same,560,/users/delfos/aina/scentree-gen-remote/scentree-gen-remote/scenarios_AMPL/scenarios_AMPL_same_ren/FTC_20251031_20251130_c30_sc560_15min_same_ren,8,"32,33,34,35",16,4,3861966,azathoth,44.51416015625,51.373046875,560,146,146,3.9225730895996094,1.5994675159454346,421.7610878944397,479.02179884910583,ok,optimal,"Model was solved to optimality (subject to tolerances), and an optimal solution is available.",<undefined>,392887,2755220,42048,42048,-39026.4406177926,-38980.24394400879,1,305730,-39026.44061779,-38980.24394401,0.1184,-39026.440617548666,-48436.65930507166,5327.042596684389,4519.288232899775,132.70121410393685,462.64076115957124,-329.9395470556344,106.17259500582846,/users/delfos/aina/mmobec-pyomo/results/FTC_20251031_20251130_c30_sc560_15min_same_ren/DA/ec/001,/users/delfos/aina/mmobec-pyomo/results/FTC_20251031_20251130_c30_sc560_15min_same_ren/DA/ec/001/solver_log.txt,ok,,
same_ren,15min_ren_same,570,/users/delfos/aina/scentree-gen-remote/scentree-gen-remote/scenarios_AMPL/scenarios_AMPL_same_ren/FTC_20251031_20251130_c30_sc570_15min_same_ren,14,"56,57,58,59",16,4,3861968,azathoth,44.51416015625,49.2265625,570,147,147,4.132301568984985,1.5623774528503418,446.889200925827,505.27877473831177,ok,optimal,"Model was solved to optimality (subject to tolerances), and an optimal solution is available.",<undefined>,395578,2761818,42336,42336,-37560.895296189905,-37560.895296189905,1,328516,-37560.89529619,-37560.89529619,0.0,-37560.89529625221,-50500.87630057081,6287.411163529391,7058.680330623317,191.28211969520257,491.2762559396131,-299.9941362444106,106.11635358915508,/users/delfos/aina/mmobec-pyomo/results/FTC_20251031_20251130_c30_sc570_15min_same_ren/DA/ec/001,/users/delfos/aina/mmobec-pyomo/results/FTC_20251031_20251130_c30_sc570_15min_same_ren/DA/ec/001/solver_log.txt,ok,,
same_ren,15min_ren_same,450,/users/delfos/aina/scentree-gen-remote/scentree-gen-remote/scenarios_AMPL/scenarios_AMPL_same_ren/FTC_20251031_20251130_c30_sc450_15min_same_ren,15,"60,61,62,63",16,4,3861972,azathoth,36.89453125,46.3232421875,450,165,165,3.2891647815704346,1.4971601963043213,985.2347009181976,1045.3732783794403,ok,optimal,"Model was solved to optimality (subject to tolerances), and an optimal solution is available.",<undefined>,444016,3443714,47520,47520,-37168.07904731144,-37167.84557974676,1,353365,-37168.07904731,-37167.84557975,0.0006,-37168.07904790982,-48261.35584349146,5847.835918870745,5664.652445479408,151.13263943785455,465.1358930777213,-314.0032536398667,105.20831512906679,/users/delfos/aina/mmobec-pyomo/results/FTC_20251031_20251130_c30_sc450_15min_same_ren/DA/ec/001,/users/delfos/aina/mmobec-pyomo/results/FTC_20251031_20251130_c30_sc450_15min_same_ren/DA/ec/001/solver_log.txt,ok,,
same_ren,15min_ren_same,520,/users/delfos/aina/scentree-gen-remote/scentree-gen-remote/scenarios_AMPL/scenarios_AMPL_same_ren/FTC_20251031_20251130_c30_sc520_15min_same_ren,3,"12,13,14,15",16,4,3861961,azathoth,44.8984375,44.72119140625,520,168,168,3.60955548286438,1.6266255378723145,713.5591831207275,774.5286836624146,ok,optimal,"Model was solved to optimality (subject to tolerances), and an optimal solution is available.",<undefined>,452089,3653844,48384,48384,-38061.732636523,-38061.73149061589,1,372354,-38061.73263652,-38061.73149062,0.0,-38061.732636561566,-49663.34505886544,5925.011399482564,6133.000803150342,130.87763572609447,478.8532822355066,-347.9756465094121,108.42413382022524,/users/delfos/aina/mmobec-pyomo/results/FTC_20251031_20251130_c30_sc520_15min_same_ren/DA/ec/001,/users/delfos/aina/mmobec-pyomo/results/FTC_20251031_20251130_c30_sc520_15min_same_ren/DA/ec/001/solver_log.txt,ok,,
same_ren,15min_ren_same,550,/users/delfos/aina/scentree-gen-remote/scentree-gen-remote/scenarios_AMPL/scenarios_AMPL_same_ren/FTC_20251031_20251130_c30_sc550_15min_same_ren,5,"20,21,22,23",16,4,3861974,azathoth,45.85400390625,39.88134765625,550,164,164,3.787327766418457,1.6035981178283691,637.0763962268829,696.2982654571533,ok,optimal,"Model was solved to optimality (subject to tolerances), and an optimal solution is available.",<undefined>,441325,3449724,47232,47232,-37666.27014209336,-37666.00534899654,1,367520,-37666.27014209,-37666.005349,0.0007,-37666.27013764334,-47530.48640267407,6289.316274029169,3956.3017104157466,113.94944849718422,388.1734451860284,-274.2239966888442,107.17772272558567,/users/delfos/aina/mmobec-pyomo/results/FTC_20251031_20251130_c30_sc550_15min_same_ren/DA/ec/001,/users/delfos/aina/mmobec-pyomo/results/FTC_20251031_20251130_c30_sc550_15min_same_ren/DA/ec/001/solver_log.txt,ok,,
same_ren,15min_ren_same,480,/users/delfos/aina/scentree-gen-remote/scentree-gen-remote/scenarios_AMPL/scenarios_AMPL_same_ren/FTC_20251031_20251130_c30_sc480_15min_same_ren,10,"40,41,42,43",16,4,3861967,azathoth,36.81787109375,37.92724609375,480,179,179,3.41056227684021,1.6094212532043457,1037.7890124320984,1099.5962133407593,ok,optimal,"Model was solved to optimality (subject to tolerances), and an optimal solution is available.",<undefined>,481690,4012474,51552,51552,-38149.775590653386,-38149.775238154536,1,425399,-38149.77559065,-38149.77523815,0.0,-38149.775590893856,-51046.270288975385,5993.660977707773,7297.98310793904,181.49095406373345,469.9799018331513,-288.48894776941785,106.66043979671494,/users/delfos/aina/mmobec-pyomo/results/FTC_20251031_20251130_c30_sc480_15min_same_ren/DA/ec/001,/users/delfos/aina/mmobec-pyomo/results/FTC_20251031_20251130_c30_sc480_15min_same_ren/DA/ec/001/solver_log.txt,ok,,
same_ren,15min_ren_same,540,/users/delfos/aina/scentree-gen-remote/scentree-gen-remote/scenarios_AMPL/scenarios_AMPL_same_ren/FTC_20251031_20251130_c30_sc540_15min_same_ren,7,"28,29,30,31",16,4,3861963,azathoth,43.99658203125,35.06396484375,540,174,174,3.965153217315674,1.6630609035491943,772.335696220398,835.2903702259064,ok,optimal,"Model was solved to optimality (subject to tolerances), and an optimal solution is available.",<undefined>,468235,3735880,50112,50112,-38055.02444365404,-38055.01898075038,1,342366,-38055.02444365,-38055.01898075,0.0,-38055.02444576491,-49815.84342991232,6121.450322295482,6021.572449162818,83.06111635906105,357.757294073404,-274.696177714343,107.5076095968461,/users/delfos/aina/mmobec-pyomo/results/FTC_20251031_20251130_c30_sc540_15min_same_ren/DA/ec/001,/users/delfos/aina/mmobec-pyomo/results/FTC_20251031_20251130_c30_sc540_15min_same_ren/DA/ec/001/solver_log.txt,ok,,
same_ren,15min_ren_same,580,/users/delfos/aina/scentree-gen-remote/scentree-gen-remote/scenarios_AMPL/scenarios_AMPL_same_ren/FTC_20251031_20251130_c30_sc580_15min_same_ren,4,"16,17,18,19",16,4,3861970,azathoth,44.24169921875,30.2900390625,580,169,169,4.058618068695068,1.680802822113037,786.8094384670258,848.9182777404785,ok,optimal,"Model was solved to optimality (subject to tolerances), and an optimal solution is available.",<undefined>,454780,3520222,48672,48672,-38148.45111924074,-38147.97709072533,1,373548,-38148.45111924,-38147.97709073,0.0012,-38148.451121848695,-47761.05974065639,6057.799015033482,4006.2217492009513,226.13766434077627,570.802012046524,-344.6643477057478,106.7477977208937,/users/delfos/aina/mmobec-pyomo/results/FTC_20251031_20251130_c30_sc580_15min_same_ren/DA/ec/001,/users/delfos/aina/mmobec-pyomo/results/FTC_20251031_20251130_c30_sc580_15min_same_ren/DA/ec/001/solver_log.txt,ok,,
same_ren,15min_ren_same,500,/users/delfos/aina/scentree-gen-remote/scentree-gen-remote/scenarios_AMPL/scenarios_AMPL_same_ren/FTC_20251031_20251130_c30_sc500_15min_same_ren,1,"4,5,6,7",16,4,3861960,azathoth,42.26025390625,24.32568359375,500,177,177,3.6701862812042236,1.655256748199463,1210.0824551582336,1273.858654975891,ok,optimal,"Model was solved to optimality (subject to tolerances), and an optimal solution is available.",<undefined>,476308,3914614,50976,50976,-37950.641622757554,-37950.30124068944,1,452555,-37950.64162276,-37950.30124069,0.0009,-37950.641626069104,-50657.05080616232,6421.1298593634765,6736.972983299661,205.29534798924206,551.58821354758,-346.292865558338,105.40079701223966,/users/delfos/aina/mmobec-pyomo/results/FTC_20251031_20251130_c30_sc500_15min_same_ren/DA/ec/001,/users/delfos/aina/mmobec-pyomo/results/FTC_20251031_20251130_c30_sc500_15min_same_ren/DA/ec/001/solver_log.txt,ok,,
same_ren,15min_ren_same,590,/users/delfos/aina/scentree-gen-remote/scentree-gen-remote/scenarios_AMPL/scenarios_AMPL_same_ren/FTC_20251031_20251130_c30_sc590_15min_same_ren,2,"8,9,10,11",16,4,3861962,azathoth,43.09619140625,21.77880859375,590,193,193,4.1684746742248535,1.8121728897094727,874.3785884380341,945.6573147773743,ok,optimal,"Model was solved to optimality (subject to tolerances), and an optimal solution is available.",<undefined>,519364,4575134,55584,55584,-37919.040394413474,-37919.03946368775,1,421542,-37919.04039441,-37919.03946369,0.0,-37919.04039459389,-57154.54212791318,6042.257288950522,13517.369003906257,226.626380363005,442.8429477791515,-216.21656741614646,107.9079921203341,/users/delfos/aina/mmobec-pyomo/results/FTC_20251031_20251130_c30_sc590_15min_same_ren/DA/ec/001,/users/delfos/aina/mmobec-pyomo/results/FTC_20251031_20251130_c30_sc590_15min_same_ren/DA/ec/001/solver_log.txt,ok,,
same_ren,15min_ren_same,330,/users/delfos/aina/scentree-gen-remote/scentree-gen-remote/scenarios_AMPL/scenarios_AMPL_same_ren/FTC_20251031_20251130_c30_sc330_15min_same_ren,11,"44,45,46,47",16,4,3861965,azathoth,26.3076171875,18.77392578125,330,139,139,2.3108482360839844,1.1597506999969482,2286.9626784324646,2327.2048568725586,ok,optimal,"Model was solved to optimality (subject to tolerances), and an optimal solution is available.",<undefined>,374050,2571830,40032,40032,-38194.62668746923,-38194.624731390824,1,340982,-38194.62668747,-38194.62473139,0.0,-38194.62668048267,-50782.094740928005,6088.274165255805,6811.284542625635,277.75892196371814,482.71961901798255,-204.96069705426441,107.12995038125736,/users/delfos/aina/mmobec-pyomo/results/FTC_20251031_20251130_c30_sc330_15min_same_ren/DA/ec/001,/users/delfos/aina/mmobec-pyomo/results/FTC_20251031_20251130_c30_sc330_15min_same_ren/DA/ec/001/solver_log.txt,ok,,
same_ren,15min_ren_same,320,/users/delfos/aina/scentree-gen-remote/scentree-gen-remote/scenarios_AMPL/scenarios_AMPL_same_ren/FTC_20251031_20251130_c30_sc320_15min_same_ren,6,"24,25,26,27",16,4,3861964,azathoth,26.3076171875,13.47509765625,320,136,136,2.291212320327759,1.1266398429870605,4083.3905215263367,4123.58038020134,ok,optimal,"Model was solved to optimality (subject to tolerances), and an optimal solution is available.",<undefined>,365977,2598992,39168,39168,-37795.50981275026,-37795.383059088934,1,391394,-37795.50981275,-37795.38305909,0.0003,-37795.50980693499,-48810.428980882294,6305.314960296816,5123.339037499588,224.21816829837533,531.5278255757631,-307.3096572773878,106.42516657230792,/users/delfos/aina/mmobec-pyomo/results/FTC_20251031_20251130_c30_sc320_15min_same_ren/DA/ec/001,/users/delfos/aina/mmobec-pyomo/results/FTC_20251031_20251130_c30_sc320_15min_same_ren/DA/ec/001/solver_log.txt,ok,,
same_ren,15min_ren_same,470,/users/delfos/aina/scentree-gen-remote/scentree-gen-remote/scenarios_AMPL/scenarios_AMPL_same_ren/FTC_20251031_20251130_c30_sc470_15min_same_ren,13,"52,53,54,55",16,4,3861971,azathoth,36.87158203125,10.08203125,470,144,144,3.2252414226531982,1.4024150371551514,4087.612144947052,4136.593829154968,ok,optimal,"Model was solved to optimality (subject to tolerances), and an optimal solution is available.",<undefined>,387505,2736856,41472,41472,-37143.26207507581,-37143.001821275946,1,364632,-37143.26207508,-37143.00182128,0.0007,-37143.262067448166,-47566.95931626921,6249.633684583138,4579.829977283245,182.5439200224533,481.77865748390485,-299.2347374614516,106.53167558365175,/users/delfos/aina/mmobec-pyomo/results/FTC_20251031_20251130_c30_sc470_15min_same_ren/DA/ec/001,/users/delfos/aina/mmobec-pyomo/results/FTC_20251031_20251130_c30_sc470_15min_same_ren/DA/ec/001/solver_log.txt,ok,,
same_ren,15min_ren_same,490,/users/delfos/aina/scentree-gen-remote/scentree-gen-remote/scenarios_AMPL/scenarios_AMPL_same_ren/FTC_20251031_20251130_c30_sc490_15min_same_ren,0,"0,1,2,3",16,4,3861957,azathoth,38.697265625,6.04736328125,490,178,178,3.4998466968536377,1.6436495780944824,6464.938041448593,6528.851198673248,ok,optimal,"Model was solved to optimality (subject to tolerances), and an optimal solution is available.",<undefined>,478999,4026152,51264,51264,-38644.46969390106,-38644.45683658978,1,468695,-38644.4696939,-38644.45683659,0.0,-38644.46967635628,-49948.76778918941,5240.478542358199,6437.040663542722,192.7045123016445,459.0027735799651,-266.2982612783206,106.92283179042474,/users/delfos/aina/mmobec-pyomo/results/FTC_20251031_20251130_c30_sc490_15min_same_ren/DA/ec/001,/users/delfos/aina/mmobec-pyomo/results/FTC_20251031_20251130_c30_sc490_15min_same_ren/DA/ec/001/solver_log.txt,ok,,
